Mouse B-ENaC Study PDF,Mouse B-ENaC Study CSV,Mouse MPS Study PDF,Mouse MPS Study CSV,Rat PA Study PDF,Rat PA Study CSV,Rat Sterile Bead Study baseline PDF,Rat Sterile Bead Study baseline CSV,Rat Sterile Bead Study post_beads PDF,Rat Sterile Bead Study post_beads CSV
MAL-006498_XV_tg.INSP.norm.ventilationReport.pdf,MAL-006498_XV_tg.specificVentilation.csv,415.ventilationReport.pdf,415.specificVentilation.csv,3510.WT.PA7.ventilationReport.pdf,3699.KO.PA14.specificVentilation.csv,3109.WTventilationReport.pdf,3751.Phe508.specificVentilation.csv,3108.WT.beads.ventilationReport.pdf,3751.Phe508.beads.specificVentilation.csv
MAL-006499_XV_wt.INSP.norm.ventilationReport.pdf,MAL-006499_XV_wt.specificVentilation.csv,419.ventilationReport.pdf,419.specificVentilation.csv,3511.WT.PA7.ventilationReport.pdf,3700.KO.PA14.specificVentilation.csv,3110.WTventilationReport.pdf,3754.Phe508.specificVentilation.csv,3109.WT.beads.ventilationReport.pdf,3754.Phe508.beads.specificVentilation.csv
MAL-006500_XV.wt.INSP.norm.ventilationReport.pdf,MAL-006500_XV_wt.specificVentilation.csv,429.ventilationReport.pdf,429.specificVentilation.csv,3546.WT.PA7.ventilationReport.pdf,3702.KO.PA14.specificVentilation.csv,3111.WTventilationReport.pdf,3756.Phe508.specificVentilation.csv,3110.WT.beads.ventilationReport.pdf,3756.Phe508.beads.specificVentilation.csv
MAL-006501_XV_tg.INSP.norm.ventilationReport.pdf,MAL-006501_XV_tg.specificVentilation.csv,430.ventilationReport.pdf,430.specificVentilation.csv,3549.WT.PA7.ventilationReport.pdf,3704.KO.PA14.specificVentilation.csv,3168.KO.ventilationReport.pdf,3757.KO.specificVentilation.csv,3111.WT.beads.ventilationReport.pdf,3757.KO.beads.specificVentilation.csv
MAL-006502_XV_wt.INSP.norm.ventilationReport.pdf,MAL-006502_XV_wt.specificVentilation.csv,437.ventilationReport.pdf,437.specificVentilation.csv,3550.KO.PA7.ventilationReport.pdf,3705.KO.PA14.specificVentilation.csv,3177.KO.ventilationReport.pdf,3761.WT.specificVentilation.csv,3168.KO.beads.ventilationReport.pdf,3761.WT.beads.specificVentilation.csv
MAL-006503_XV_tg.INSP.norm.ventilationReport.pdf,MAL-006503_XV_tg.specificVentilation.csv,438.ventilationReport.pdf,438.specificVentilation.csv,3555.KO.PA7.ventilationReport.pdf,3706.KO.PA14.specificVentilation.csv,3180.Phe508.ventilationReport.pdf,3774.WT.specificVentilation.csv,3177.KO.beads.ventilationReport.pdf,3774.WT.beads.specificVentilation.csv
MAL-006504_XV_wt.INSP.norm.ventilationReport.pdf,MAL-006504_XV_wt.specificVentilation.csv,445.ventilationReport.pdf,445.specificVentilation.csv,3557.KO.PA7.ventilationReport.pdf,3708.CF.PA14.specificVentilation.csv,3181.Phe508.ventilationReport.pdf,3890.KO.specificVentilation.csv,3180.Phe508.beads.ventilationReport.pdf,3890.KO.beads.specificVentilation.csv
MAL-006517_XV_tg.INSP.norm.ventilationReport.pdf,MAL-006517_XV_tg.specificVentilation.csv,447.ventilationReport.pdf,447.specificVentilation.csv,3558.KO.PA7.ventilationReport.pdf,3710.CF.PA14.specificVentilation.csv,3186.WTventilationReport.pdf,4053.Phe508.specificVentilation.csv,3181.Phe508.beads.ventilationReport.pdf,4053.Phe508.beads.specificVentilation.csv
MAL-006518_XV_tg.INSP.norm.ventilationReport.pdf,MAL-006518_XV_tg.specificVentilation.csv,448.ventilationReport.pdf,448.specificVentilation.csv,3566.CF.PA7.ventilationReport.pdf,3719.WT.PA14.specificVentilation.csv,3187.WT.ventilationReport.pdf,4055.Phe508.specificVentilation.csv,3186.WT.beads.ventilationReport.pdf,4055.Phe508.beads.specificVentilation.csv
MAL-006519_XV_wt.INSP.norm.ventilationReport.pdf,MAL-006519_XV_wt.specificVentilation.csv,449.ventilationReport.pdf,449.specificVentilation.csv,3699.KO.PA14.ventilationReport.pdf,3720.WT.PA14.specificVentilation.csv,3195.WT.ventilationReport.pdf,4570.KO.specificVentilation.csv,3187.WT.beads.ventilationReport.pdf,4570.KO.beads.specificVentilation.csv
MAL-006520_XV_tg.INSP.norm.ventilationReport.pdf,MAL-006520_XV_tg.specificVentilation.csv,452.ventilationReport.pdf,452.specificVentilation.csv,3700.KO.PA14.ventilationReport.pdf,3945.KO.PA21.specificVentilation.csv,3196.WT.ventilationReport.pdf,4572.KO.specificVentilation.csv,3195.WT.beads.ventilationReport.pdf,4572.KO.beads.specificVentilation.csv
MAL-006521_XV_tg.INSP.norm.ventilationReport.pdf,MAL-006521_XV_tg.specificVentilation.csv,453.ventilationReport.pdf,453.specificVentilation.csv,3702.KO.PA14.ventilationReport.pdf,3957.KO.PA21.specificVentilation.csv,3213.KO.ventilationReport.pdf,4869.WT.specificVentilation.csv,3196.WT.beads.ventilationReport.pdf,4869.WT.BEADS.specificVentilation.csv
MAL-006523_XV_wt.INSP.norm.ventilationReport.pdf,MAL-006523_XV_wt.specificVentilation.csv,454.ventilationReport.pdf,454.specificVentilation.csv,3704.KO.PA14.ventilationReport.pdf,3961.WT.PA21.specificVentilation.csv,3227.KO.ventilationReport.pdf,S11.KO.specificVentilation.csv,3213.KO.beads.ventilationReport.pdf,S11.KO.beads.specificVentilation.csv
MAL-006524_XV_wt.INSP.norm.ventilationReport.pdf,MAL-006524_XV_wt.specificVentilation.csv,461.ventilationReport.pdf,461.specificVentilation.csv,3705.KO.ventilationReport.pdf,3964.CF.PA21.specificVentilation.csv,3232.KO.ventilationReport.pdf,S12.WT.specificVentilation.csv,3227.KO.beads.ventilationReport.pdf,S12.WT.beads.specificVentilation.csv
MAL-006527_XV_wt.INSP.norm.ventilationReport.pdf,MAL-006527_XV_wt.specificVentilation.csv,462.ventilationReport.pdf,462.specificVentilation.csv,3706.KO.PA14.ventilationReport.pdf,3966.CF.PA21.specificVentilation.csv,3240.Phe508.ventilationReport.pdf,S13.WT.specificVentilation.csv,3232.KO.beads.ventilationReport.pdf,S13.WT.beads.specificVentilation.csv
MAL-006528_XV_wt.INSP.norm.ventilationReport.pdf,MAL-006528_XV_wt.specificVentilation.csv,463.ventilationReport.pdf,463.specificVentilation.csv,3708.CF.PA14 .ventilationReport.pdf,3967.CF.PA21.specificVentilation.csv,3242.Phe508.ventilationReport.pdf,S14.WT.specificVentilation.csv,3240.Phe508.beads.ventilationReport.pdf,S14.WT.beads.specificVentilation.csv
MAL-006529_XV_tg.INSP.norm.ventilationReport.pdf,MAL-006529_XV_tg.specificVentilation.csv,464.ventilationReport.pdf,464.specificVentilation.csv,3710.CF.PA14.ventilationReport.pdf,3972.WT.PA21.specificVentilation.csv,3245.Phe508.ventilationReport.pdf,S15.Phe508.specificVentilation.csv,3242.Phe508.beads.ventilationReport.pdf,S15.Phe508.beads.specificVentilation.csv
MAL-006530_XV_tg.INSP.norm.ventilationReport.pdf,MAL-006530_XV_tg.specificVentilation.csv,465.ventilationReport.pdf,465.specificVentilation.csv,3719.WT.PA14.ventilationReport.pdf,3975.WT.PA21.specificVentilation.csv,3246.Phe508.ventilationReport.pdf,S17.Phe508.specificVentilation.csv,3245.Phe508.beads.ventilationReport.pdf,S17.Phe508.beads.specificVentilation.csv
MAL-006531_XV_wt.INSP.norm.ventilationReport.pdf,MAL-006531_XV_wt.specificVentilation.csv,470.ventilationReport.pdf,470.specificVentilation.csv,3720.WT.PA14 .ventilationReport.pdf,3980.WT.PA21.specificVentilation.csv,3359.KO.ventilationReport.pdf,S187.WT.specificVentilation.csv,3246.Phe508del.beads.ventilationReport.pdf,S187.WT.beads.specificVentilation.csv
MAL-006532_XV_tg.INSP.norm.ventilationReport.pdf,MAL-006532_XV_tg.specificVentilation.csv,471.ventilationReport.pdf,471.specificVentilation.csv,3945.KO.PA21.ventilationReport.pdf,3981.WT.PA21.specificVentilation.csv,3361.KO.ventilationReport.pdf,S52.KO.specificVentilation.csv,3359.KO.beads.ventilationReport.pdf,S52.KO.beads.specificVentilation.csv
MAL-006533_XV_wt.INSP.norm.ventilationReport.pdf,MAL-006533_XV_wt.specificVentilation.csv,472.ventilationReport.pdf,472.specificVentilation.csv,3951.WT.PA7.ventilationReport.pdf,3987.KO.PA21.specificVentilation.csv,3362.WT.ventilationReport.pdf,S8.KO.specificVentilation.csv,3361.KO.beads.ventilationReport.pdf,S8.KO.BEADS.specificVentilation.csv
MAL_006536_XV_wt.INSP.norm.ventilationReport.pdf,MAL-006536_XV_wt.specificVentilation.csv,473.ventilationReport.pdf,473.specificVentilation.csv,3952-INSP.ventilationReport.pdf,4231.CF.PA7.specificVentilation.csv,3365.WT.ventilationReport.pdf,,3362.WT.beads.ventilationReport.pdf,
MAL_006537_XV_wt.INSP.norm.ventilationReport.pdf,MAL-006537_XV_wt.specificVentilation.csv,474.ventilationReport.pdf,474.specificVentilation.csv,3957.KO.PA21.ventilationReport.pdf,4266.WT.PA14.specificVentilation.csv,3378.Phe508.ventilationReport.pdf,,3378.Phe508.beads.ventilationReport.pdf,
MAL-006539_XV_tg.INSP.norm.ventilationReport.pdf,MAL-006539_XV_tg.specificVentilation.csv,478.ventilationReport.pdf,478.specificVentilation.csv,3961.WT.PA21.ventilationReport.pdf,4268.WT.PA14.specificVentilation.csv,3531.WT.ventilationReport.pdf,,3531.WT.beads.ventilationReport.pdf,
MAL-006540_XV_tg.INSP.norm.ventilationReport.pdf,MAL-006540_XV_tg.specificVentilation.csv,479.ventilationReport.pdf,479.specificVentilation.csv,3964.CF.PA21.ventilationReport.pdf,4283.WT.PA14.specificVentilation.csv,3535.WT.ventilationReport.pdf,,3535.WT.beads.ventilationReport.pdf,
MAL-006547_XV_tg.INSP.norm.ventilationReport.pdf,MAL-006547_XV_tg.specificVentilation.csv,486.ventilationReport.pdf,486.specificVentilation.csv,3966.CF.PA21.ventilationReport.pdf,4284.WT.PA14.specificVentilation.csv,3542.WT.ventilationReport.pdf,,3542.WT.beads.ventilationReport.pdf,
MAL-006548_XV_tg.INSP.norm.ventilationReport.pdf,MAL-006548_XV_tg.specificVentilation.csv,495.ventilationReport.pdf,495.specificVentilation.csv,3967.CF.PA21.ventilationReport.pdf,4286.WT.PA14.specificVentilation.csv,3751.Phe508.ventilationReport.pdf,,3751.Phe508.beads.ventilationReport.pdf,
MAL-006583_XV_wt.INSP.norm.ventilationReport.pdf,MAL-006583_XV_wt.specificVentilation.csv,496.ventilationReport.pdf,496.specificVentilation.csv,3972.WT.PA21.ventilationReport.pdf,4294.CF.PA7.specificVentilation.csv,3754.Phe508.ventilationReport.pdf,,3754.Phe508.beads.ventilationReport.pdf,
,,497.ventilationReport.pdf,497.specificVentilation.csv,3973.WT.PA21.ventilationReport.pdf,4296.CF.PA7.specificVentilation.csv,3756.Phe508.ventilationReport.pdf,,3756.Phe508.beads.ventilationReport.pdf,
,,499.ventilationReport.pdf,499.specificVentilation.csv,3975.WT.PA21.ventilationReport.pdf,4299.CF.PA14.specificVentilation.csv,3757.KO.ventilationReport.pdf,,3757.KO.beads.ventilationReport.pdf,
,,500.ventilationReport.pdf,500.specificVentilation.csv,3976.CF.PA7.ventilationReport.pdf,4300.CF.PA14.specificVentilation.csv,3761.WT.ventilationReport.pdf,,3761.WT.beads.ventilationReport.pdf,
,,502.ventilationReport.pdf,502.specificVentilation.csv,3978.CF.PA7.ventilationReport.pdf,4304.CF.PA14.specificVentilation.csv,3774.WT.ventilationReport.pdf,,3774.WT.beads.ventilationReport.pdf,
,,503.ventilationReport.pdf,503.specificVentilation.csv,3979.WT.PA21.ventilationReport.pdf,4326.WT.PA7.specificVentilation.csv,3865.Phe508.ventilationReport.pdf,,3865.Phe508.beads.ventilationReport.pdf,
,,,,3980.WT.PA21.ventilationReport.pdf,4388.CF.PA7.specificVentilation.csv,3890.KO.ventilationReport.pdf,,3890.KO.beads.ventilationReport.pdf,
,,,,3981.WT.PA21.ventilationReport.pdf,4389.CF.PA7.specificVentilation.csv,3906.WTventilationReport.pdf,,3906.WT.beads.ventilationReport.pdf,
,,,,3984.WT.PA7.ventilationReport.pdf,4580.WT.PA21.specificVentilation.csv,3908.Phe508.ventilationReport.pdf,,3908.Phe508.beads.ventilationReport.pdf,
,,,,3986.WT.PA7.ventilationReport.pdf,4581.KO.PA21.specificVentilation.csv,4053.Phe508.ventilationReport.pdf,,4053.Phe508.beads.ventilationReport.pdf,
,,,,3987.KO.PA21.ventilationReport.pdf,4589.KO.PA21.specificVentilation.csv,4055.Phe508.ventilationReport.pdf,,4055.Phe508.beads.ventilationReport.pdf,
,,,,4004.CF.PA7.ventilationReport.pdf,4616.KO.PA21.specificVentilation.csv,4570.KO.ventilationReport.pdf,,4570.KO.beads.ventilationReport.pdf,
,,,,4231.CF.PA7.ventilationReport.pdf,4617.KO.PA21.specificVentilation.csv,4572.KO.ventilationReport.pdf,,4572.KO.beads.ventilationReport.pdf,
,,,,4266.WT.PA14.ventilationReport.pdf,4622.KO.PA21.specificVentilation.csv,4869.WT.ventilationReport.pdf,,4869.WT.beads.ventilationReport.pdf,
,,,,4268.WT.PA14.ventilationReport.pdf,4626.WT.PA21.specificVentilation.csv,S11.KO.ventilationReport.pdf,,RepeatBeadsNormalRAT3370.ventilationReport.pdf,
,,,,4283.WT.PA14.ventilationReport.pdf,4627.WT.PA21.specificVentilation.csv,S12.WT.ventilationReport.pdf,,S11.KO.beads.ventilationReport.pdf,
,,,,4284.WT.PA14.ventilationReport.pdf,4628.CF.PA21.specificVentilation.csv,S13.WT.ventilationReport.pdf,,S12.WT.beads.ventilationReport.pdf,
,,,,4286.WT.PA14.ventilationReport.pdf,4630.CF.PA21.specificVentilation.csv,S14_WT-INSP.ventilationReport.pdf,,S13.WT.beads.ventilationReport.pdf,
,,,,4294.CF.PA7.ventilationReport.pdf,4637.KO.PA7.specificVentilation.csv,S15.Phe508.ventilationReport.pdf,,S14.WT.beads.ventilationReport.pdf,
,,,,4296.CF.PA7.ventilationReport.pdf,4661.KO.PA7.specificVentilation.csv,S17.Phe508.ventilationReport.pdf,,S15.Phe508.beads.ventilationReport.pdf,
,,,,4299.CF.PA14.ventilationReport.pdf,4662.KO.PA7.specificVentilation.csv,S187.WT.ventilationReport.pdf,,S17.Phe508.beads.ventilationReport.pdf,
,,,,4300.CF.PA14.ventilationReport.pdf,S54.WT.PA7.specificVentilation.csv,S52.KO.ventilationReport.pdf,,S176.WT.beads.ventilationReport.pdf,
,,,,4304.CF.PA14.ventilationReport.pdf,S56.CF.PA21.specificVentilation.csv,S6-INSP.ventilationReport.pdf,,S187.WT.beads.ventilationReport.pdf,
,,,,4322.WT.PA7.ventilationReport.pdf,S57.WT.PA7.specificVentilation.csv,S8.KO.ventilationReport.pdf,,S52.KO.beads.ventilationReport.pdf,
,,,,4325.WT.PA7.ventilationReport.pdf,S66.WT.PA7.specificVentilation.csv,,,S6_BEADS-INSP.ventilationReport.pdf,
,,,,4326.WT.PA7.ventilationReport.pdf,,,,S8.KO.beads.ventilationReport.pdf,
,,,,4388.CF.PA7.ventilationReport.pdf,,,,,
,,,,4389.CF.PA7.ventilationReport.pdf,,,,,
,,,,4580.WT.PA21.ventilationReport.pdf,,,,,
,,,,4581.KO.PA21.ventilationReport.pdf,,,,,
,,,,4589.KO.PA21.ventilationReport.pdf,,,,,
,,,,4616.KO.PA21.ventilationReport.pdf,,,,,
,,,,4617.KO.PA21.ventilationReport.pdf,,,,,
,,,,4622.KO.PA21.ventilationReport.pdf,,,,,
,,,,4626.WT.PA21.ventilationReport.pdf,,,,,
,,,,4627.WT.PA21.ventilationReport.pdf,,,,,
,,,,4628.CF.PA21.ventilationReport.pdf,,,,,
,,,,4630.CF.PA21.ventilationReport.pdf,,,,,
,,,,4637.KO.PA7.ventilationReport.pdf,,,,,
,,,,4661.KO.PA7.ventilationReport.pdf,,,,,
,,,,4662.KO.PA7.ventilationReport.pdf,,,,,
,,,,S54.WT.PA7.ventilationReport.pdf,,,,,
,,,,S56.CF.PA21.ventilationReport.pdf,,,,,
,,,,S57.WT.PA7.ventilationReport.pdf,,,,,
,,,,S66.WT.PA7.ventilationReport.pdf,,,,,
